<?xml version="1.0"?>
<catalog>
   <card id="crd01">
      <color>blue</color>
      <name>Apollo_Crews</name>
      <pow>1.079</pow>
      <spd>1.064</spd>
      <tgh>1.041</tgh>
      <cha>1.011</cha>
	  <align>blue-left</align>
	  <adds>0/25</adds>
	  <power>Standing Moonsault +98 to pow and +98 to spd</power>
	</card>
	<card id="crd02">
      <color>blue</color>
      <name>Asuka</name>
      <pow>1.067</pow>
      <spd>999</spd>
      <tgh>1.052</tgh>
      <cha>1.022</cha>
	  <align>yellow-down</align>
	  <adds>0/25</adds>
	  <power>Spinning hell kick +98 to pow and +98 to tgh</power>
	</card>
	<card id="crd03">
      <color>blue</color>
      <name>Bayle</name>
      <pow>1.007</pow>
      <spd>1.060</spd>
      <tgh>1.030</tgh>
      <cha>1.075</cha>
	  <align>yellow-down</align>
	  <adds>0/25</adds>
	  <power>Bayle-to-belly suplex +98 to spd and +98 to cha</power>
	</card>
	<card id="crd04">
      <color>blue</color>
      <name>Becky_Lynch</name>
      <pow>1.030</pow>
      <spd>1.061</spd>
      <tgh>1.046</tgh>
      <cha>1.076</cha>
	  <align>yellow-down</align>
	  <adds>0/25</adds>
	  <power>Exploder suplex +98 to spd and +98 to cha</power>
	</card>
	<card id="crd05">
      <color>blue</color>
      <name>Big_show</name>
      <pow>1.059</pow>
      <spd>991</spd>
      <tgh>1.044</tgh>
      <cha>1.014</cha>
	  <align>yellow-down</align>
	  <adds>0/25</adds>
	  <power>KO punch +98 to pow and +98 to tgh</power>
	</card>
	<card id="crd06">
      <color>blue</color>
      <name>Brie_Bella</name>
      <pow>1.035</pow>
      <spd>1.080</spd>
      <tgh>1.050</tgh>
      <cha>1.065</cha>
	  <align>blue-left</align>
	  <adds>0/25</adds>
	  <power>Running knee smash +98 to pow and +98 to tgh</power>
	</card>
	<card id="crd07">
      <color>blue</color>
      <name>Brock_Lesnar</name>
      <pow>1.134</pow>
      <spd>1.081</spd>
      <tgh>1.104</tgh>
      <cha>1.059</cha>
	  <align>yellow-up</align>
	  <adds>0/25</adds>
	  <power>F-5 +98 to pow and +98 to tgh</power>
	</card>
	<card id="crd08">
      <color>blue</color>
      <name>Charlotte</name>
      <pow>1.092</pow>
      <spd>1.047</spd>
      <tgh>1.085</tgh>
      <cha>1.054</cha>
	  <align>yellow-up</align>
	  <adds>0/25</adds>
	  <power>Natural Selection +98 to pow and +98 to tgh</power>
	</card>
	<card id="crd09">
      <color>blue</color>
      <name>Chris_Jericho</name>
      <pow>1.042</pow>
      <spd>1.087</spd>
      <tgh>1.057</tgh>
      <cha>1.072</cha>
	  <align>blue-left</align>
	  <adds>0/25</adds>
	  <power>Lionsault +98 to spd and +98 to cha</power>
	</card>
	<card id="crd10">
      <color>blue</color>
      <name>Daniel_bryan</name>
      <pow>1.043</pow>
      <spd>1.096</spd>
      <tgh>1.065</tgh>
      <cha>1.111</cha>
	  <align>blue-rigth</align>
	  <adds>0/25</adds>
	  <power>Knee Plus +98 to pow and +98 to spd</power>
	</card>
	<card id="crd11">
      <color>blue</color>
      <name>Dolph_Ziggler</name>
      <pow>1.034</pow>
      <spd>1.079</spd>
      <tgh>1.049</tgh>
      <cha>1.064</cha>
	  <align>blue-rigth</align>
	  <adds>0/25</adds>
	  <power>Zig Zag +98 to pow and +98 to spd</power>
	</card>
	<card id="crd12">
      <color>blue</color>
      <name>Edge</name>
      <pow>1.092</pow>
      <spd>1.107</spd>
      <tgh>1.039</tgh>
      <cha>1.061</cha>
	  <align>blue-left</align>
	  <adds>0/25</adds>
	  <power>Spear +98 to pow and +98 to spd</power>
	</card>
	<card id="crd013">
      <color>blue</color>
      <name>Erick_Rowan</name>
      <pow>1.043</pow>
      <spd>1.013</spd>
      <tgh>1.028</tgh>
      <cha>998</cha>
	  <align>blue-left</align>
	  <adds>0/25</adds>
	  <power>Fallaway +98 to pow and +98 to tgh</power>
	</card>
	<card id="crd14">
      <color>blue</color>
      <name>John_Cena</name>
      <pow>1.104</pow>
      <spd>1.051</spd>
      <tgh>1.073</tgh>
      <cha>1.119</cha>
	  <align>blue-rigth</align>
	  <adds>0/25</adds>
	  <power>Attitude adjustment +98 to pow and +98 to cha</power>
	</card>
	<card id="crd15">
      <color>blue</color>
      <name>Sasha_Banks</name>
      <pow>1.058</pow>
      <spd>1.043</spd>
      <tgh>1.073</tgh>
      <cha>1.088</cha>
	  <align>blue-rigth</align>
	  <adds>0/25</adds>
	  <power>Bank Statement +98 to tgh and +98 to cha</power>
	</card>
	<card id="crd16">
      <color>red</color>
      <name>Seth_Rollins</name>
      <pow>1.283</pow>
      <spd>1.318</spd>
      <tgh>1.354</tgh>
      <cha>1.339</cha>
	  <align>blue-rigth</align>
	  <adds>0/25</adds>
	  <power>Pedigree +98 to spd and +98 to cha</power>
	</card>
	<card id="crd17">
      <color>gree</color>
      <name>Sin_Cara</name>
      <pow>83</pow>
      <spd>84</spd>
      <tgh>81</tgh>
      <cha>79</cha>
	  <align>blue-rigth</align>
	  <adds>0/10</adds>
	  <power> </power>
	</card>
	
	<card id="crd18">
      <color>gold</color>
      <name>The_Rock</name>
      <pow>454</pow>
      <spd>445</spd>
      <tgh>435</tgh>
      <cha>466</cha>
	  <align>blue-left</align>
	  <adds>0/20</adds>
	  <power>Pedigree +98 to spd and +98 to cha</power>
	</card>
	<card id="crd19">
      <color>gold</color>
      <name>Triple_H</name>
      <pow>458</pow>
      <spd>430</spd>
      <tgh>439</tgh>
      <cha>451</cha>
	  <align>yellow-up</align>
	  <adds>0/20</adds>
	  <power>Pedigree +98 to spd and +98 to cha</power>
	</card>
	<card id="crd20">
      <color>red</color>
      <name>Undertake</name>
      <pow>517</pow>
      <spd>531</spd>
      <tgh>496</tgh>
      <cha>506</cha>
	  <align>blue-left</align>
	  <adds>0/20</adds>
	  <power>Tombstone +60 to spd and +60 to tgh</power>
	</card>
	<card id="crd21">
      <color>red</color>
      <name>Aj_Styles</name>
      <pow>1.347</pow>
      <spd>1.275</spd>
      <tgh>1.367</tgh>
      <cha>1.305</cha>
	  <align>blue-rigth</align>
	  <adds>0/25</adds>
	  <power>Styles Clash +98 to pow and +98 to spd</power>
	</card>
	<card id="crd22">
      <color>purple</color>
      <name>batista</name>
      <pow>1.103</pow>
      <spd>1.057</spd>
      <tgh>1.088</tgh>
      <cha>1.035</cha>
	  <align>yellow-down</align>
	  <adds>0/25</adds>
	  <power>Batista bomb +98 to pow and +98 to tgh</power>
	</card>
	<card id="crd23">
      <color>red</color>
      <name>Bray_Wyatt</name>
      <pow>1.357</pow>
      <spd>1.314</spd>
      <tgh>1.258</tgh>
      <cha>1.365</cha>
	  <align>blue-rigth</align>
	  <adds>0/25</adds>
	  <power>Sister Abigail +98 to pow and +98 to spd</power>
	</card>
	<card id="crd24">
      <color>purple</color>
      <name>Bret_Hart</name>
      <pow>1.081</pow>
      <spd>1.066</spd>
      <tgh>1.096</tgh>
      <cha>1.111</cha>
	  <align>blue-rigth</align>
	  <adds>0/25</adds>
	  <power>Sharpshooter +98 to tgh and +98 to cha</power>
	</card>
	<card id="crd25">
      <color>purple</color>
      <name>Eddie_Guerrero</name>
      <pow>1.077</pow>
      <spd>1.107</spd>
      <tgh>1.062</tgh>
      <cha>1.092</cha>
	  <align>yellow-up</align>
	  <adds>0/25</adds>
	  <power> frog splash +98 to spd and +98 to cha</power>
	</card>
	<card id="crd26">
      <color>green</color>
      <name>Goldust</name>
      <pow>81</pow>
      <spd>83</spd>
      <tgh>85</tgh>
      <cha>87</cha>
	  <align>yellow-up</align>
	  <adds>0/10</adds>
	  <power> Final cult +8 to cha</power>
	</card>
	<card id="crd26">
      <color>green</color>
      <name>Natalya</name>
      <pow>86</pow>
      <spd>82</spd>
      <tgh>83</tgh>
      <cha>85</cha>
	  <align>blue-rigth</align>
	  <adds>0/10</adds>
	  <power> Pin-Up strong +8 to pow</power>
	</card>
	<card id="crd27">
      <color>gold</color>
      <name>Roman_Reigns</name>
      <pow>449</pow>
      <spd>430</spd>
      <tgh>443</tgh>
      <cha>437</cha>
	  <align>yellow-up</align>
	  <adds>0/20</adds>
	  <power> +60 pow and +60 to tgh</power>
	</card>
	<card id="crd28">
      <color>red</color>
      <name>Samoa_joe</name>
      <pow>1.369</pow>
      <spd>1.312</spd>
      <tgh>1.334</tgh>
      <cha>1.279</cha>
	  <align>blue-left</align>
	  <adds>0/25</adds>
	  <power> Muscle buster +98 to pow +98 to spd</power>
	</card>
	<card id="crd29">
      <color>green</color>
      <name>Natalya</name>
      <pow>86</pow>
      <spd>82</spd>
      <tgh>83</tgh>
      <cha>85</cha>
	  <align>blue-rigth</align>
	  <adds>0/10</adds>
	  <power> Pin-Up strong +8 to pow</power>
	</card>
	<card id="crd29">
      <color>green</color>
      <name>Stone_Cold</name>
      <pow>88</pow>
      <spd>84</spd>
      <tgh>89</tgh>
      <cha>85</cha>
	  <align>yellow-down</align>
	  <adds>0/10</adds>
	  <power>Pointed elbow drop +8 to tgh</power>
	</card>
	
	
	

</catalog>